,VTuber,Affiliation,total_income
0,%C5%8Csaka_Momo,Independent,3559.4643393998
1,7192,Independent,514.9895024860165
2,A-chan,hololive,35926.698597249146
3,A-mi,Vtopia Project,16.183489998713487
4,AZKi,hololive,88570.16330263576
5,Aadya,NIJISANJI,1941.7820888957954
6,Aela_V._Kazaela_Kaizeria_(Aela),ec19projekt,1.302578382286005
7,Ai_Angel,Independent,171.62184264543694
8,Ai_Candii,Sugar Crush,30.20663963259859
9,Aia_Amare,NIJISANJI EN,102250.30804183964
10,Aiba_Uiha,NIJISANJI,26211.351536593596
11,Aika_Meru,Yume Reality,5.042845053834602
12,Aiken_Chachamaru,MarbleCreators,19681.364109141727
13,Aiko_Zurie,Nawasena,879.3772502126163
14,Airani_Iofifteen,hololive Indonesia,71024.21958341291
15,Airi_Cordelia,AKA Virtual,404.4274867970318
16,Airi_Cordelia,Independent,404.4274867970318
17,Airi_Gwynevere,Project Kavvaii,1889.4474325038077
18,Aisha,Polygon Project,995.0313862133107
19,Aizawa_Ema,VSPO!,185558.35454793577
20,Aizawa_Momo,VOICE-ORE,134242.8183557888
21,Aizono_Manami,NIJISANJI,76188.071045498
22,Aka_Mana,Playasia,10315.718696041145
23,Akabane_Youko,NIJISANJI,41630.88549541307
24,Akai_Satan,VMaison,59.9587854139381
25,Akami_Chiyo,Amai Direct,1843.4468036461408
26,Akane_Canna,774 inc.,40224.23160216499
27,Akane_Chiyuru,Independent,19.97615934284937
28,Akatsuki_Ban_Mai,NIJIGEN Project,1839.563666946556
29,Akatsuki_Yume,Independent,3637.394799216151
30,Akemi_Nekomachi,AKA Virtual,762.8059781757871
31,Akewaru_Direza,Direza Familiy,16.3828432979409
32,Akira_Kanon,Nawasena,54.37719576886803
33,Akira_Misaki,MangaGamer,23992.053384419967
34,Akira_Ray,NIJISANJI,20402.751070853625
35,Akitsuki_Ririka,Razerstar,383.8210780573609
36,Akizuki_Yueno,Independent,733.731290139795
37,Akkun,Tenmakinin ver G,12772.767577259261
38,Akosi_Dogie,Aether,34.275473692034005
39,Akosi_Dogie,Independent,34.275473692034005
40,Akosi_Dogie,Nexplay,34.275473692034005
41,Akuma_Saki,Axel-V,35186.27015227578
42,Akuno_Rock,VMaison,6779.892891765416
43,Alban_Knox,NIJISANJI EN,435088.38482112106
44,Alden_Ryouken,SNOWDROP,38.46062660867746
45,Alenka_Inventra,Digikagi,891.0944403507775
46,Alia_Adelia,MAHA5,1861.4865093186647
47,Alice_Mana,541 E&C,10199.225306513092
48,Alice_Mana,Independent,10199.225306513092
49,Alice_Mana,Project Paryi (formerly),10199.225306513092
50,Alicia_Cotton,Independent,73.71173154838212
51,Alona_Driad,AKA Virtual,146.84271344210728
52,Alta_Il,MAHA5JAPAN,51.45469052481454
53,Amae_Runa,天江家,8228.28196013317
54,Amagase_Muyu,NIJISANJI,50740.41371399514
55,Amahane_Yotsuha,VGaming,62656.62040849073
56,Amai_Hiyo,Independent,29163.49123476754
57,Amakawa_Hano,Re:AcT,22249.36036644587
58,Amaki_Okome,Starry Sky Academy,5691.17544461151
59,Amami_Ami,PRISM Project,988.2443846994713
60,Amane_Kanata,hololive,1271418.3178509725
61,Amano_Amoko,Independent,14181.119315893273
62,Amano_Oto,VMaison,15480.96858397893
63,Amano_Serafi,V&U,6284.576977270707
64,Amanogawa_Kousei,Majinova,89.61836348740476
65,Amanohoshi_Chiroru,Propro Production,97968.95876815349
66,Amarynn,AKA Virtual,467.10119326067735
67,Amatsuka_Lilyel,Independent,5950.469377147459
68,Amatsuka_Uto,Independent,199.56295357206346
69,Amau_Meiko,Independent,13126.616168351065
70,Amaya_Clorentine,Independent,45.97909642860402
71,Amemachi_Hanabi,Tsunderia,1666.2531941384118
72,Amemori_Sayo,NIJISANJI,32440.254572245252
73,Ameniwa_Yae,VEE,1301.9819881897927
74,Ami_Yamato,Independent,38.508125951303036
75,Amicia_Michella,NIJISANJI,2370.7382627608304
76,Amiya_Aranha,Tsunderia,22329.2150079681
77,Amoria,V&U,6246.732761385893
78,Anastasia_White,Sedai One,6152.976037913858
79,And_Uge,774 inc.,115143.79461758966
80,Andi_Adinata,MAHA5,760.8083154038673
81,Anew_Uparu,VEE,1450.2583805690406
82,Ange_Katrina,NIJISANJI,508006.87333395274
83,Angelina_Kumalo,lucid Multimedia,180.47808058857157
84,Annin_Miru,Yahoo,109936.9668449241
85,Anny,Independent,36.32551711169656
86,Anon_Non,PRISM Project,13638.177146511971
87,Anya_Melfissa,hololive Indonesia,62411.823627491685
88,Anya_Pandaria,Atelier Live,3.9873716909778505
89,Aogiri_High_School,Brave Group,5806.415550622864
90,Aoi_(FruFru),FruFru VTubers,11.625109122653864
91,Aoi_Crescent,Algorhythm Project,79.85511676385886
92,Aomiya_Yozuri,VEE,12947.383198665619
93,Aozora_Kurumi,Project Kavvaii,2392.343666768161
94,Aozora_Natsuko,Independent,15.0
95,Apollo_Kepler,Independent,542.6227701219432
96,Aragami_Oga,HOLOSTARS,140656.5111277439
97,Araka_Luto,PRISM Project,70123.51258418288
98,Aranaya_Xaphina,Independent,254.7790032459991
99,Aranis_Elvene,Pixela,258.4443964198346
100,Areku,MysteriX,271.956323313786
101,Arisugawa_Reika,GEMS COMPANY,5987.309793576958
102,Ars_Almal,NIJISANJI,498071.29578455037
103,Artemis_of_the_Blue,Atelier Live,39223.816694407986
104,Arurandeisu,HOLOSTARS,195255.894689607
105,Aruse_Inu,Neo-Porte,80892.24281243166
106,Asahi_Lina,nullptr::live,3250.585544758248
107,Ash,Independent,311.2749462883162
108,Astel_Leda,HOLOSTARS,161149.57265669128
109,Astelica_Kasdea,Independent,155.70247670883907
110,Aster_Arcadia,NIJISANJI EN,39753.38858032825
111,Asuka_Hina,NIJISANJI,34947.90880264674
112,Asumi_Sena,Virtual eSports Project,83152.16498284228
113,Audrey_Mina,VEE,19563.407842715616
114,Aura_Lily,4 REALITY,21.29787353378985
115,Aurora_Phoenyx,VDoki,252.11248489873267
116,Axel_Syrios,HOLOSTARS English,74886.83024618402
117,Ayamari_Peko,MarbleCreators,5763.440928296637
118,Ayamy,Independent,162922.5398287607
119,Ayana_Spector,Independent,1622.8464401943806
120,Ayane_Hylo,CyberLive,158.79840760605586
121,Ayunda_Risu,hololive Indonesia,74468.07165915823
122,Azami,TOMATO GUMMY,392.64035526206624
123,Azashi,8THiR3AL Projekt,77.06546166366397
124,Azato_Stacia,Parabellum Project,212.76032251420415
125,Azuchi_Momo,NIJISANJI,10804.106043615826
126,Azuma_Lim,Cyber V,34165.38485251268
127,Azura_Cecillia,NIJISANJI,1804.9612481172717
128,Baacharu,.Live,27576.533561418306
129,BakenVT,Independent,1137.69088700019
130,Ban_Hada,NIJISANJI,18061.83280030854
131,Banzoin_Hakka,HOLOSTARS English,48528.98984247219
132,Beckoning_Kitty_Tatamaru,Independent,12215.730537218245
133,Beilene,ICETEA,199.13414417413605
134,Belmond_Banderas,NIJISANJI,269065.315805305
135,Bonnivier_Pranaja,NIJISANJI,19029.684650352807
136,Bunga,h!mawari Project,52.406294558303856
137,CIEL,KAMITSUBAKI STUDIO,13.811316367553493
138,Caerula_Aki,AKA Virtual,480.7159213629631
139,Cafeno_Zombi-ko,upd8,47179.60090751519
140,Camomi_Camomi,774 inc.,144414.1253530389
141,Carro_Pino,.live,172375.5895640196
142,Cecilia_Lieberia,Re:Memories,778.4074803260165
143,Celesse_Souris,Independent,262.2345811878687
144,Ceres_Fauna,hololive English,344276.44049650617
145,Cerys_Lobelia,Yume Reality,219.78040332522755
146,ChaAYM,North Side ESports,329.1424348997814
147,Chakra_Eisen,Samaveta Studios,2.0162982035174557
148,Chana,Independent,1534.4019197308435
149,Charlotte_Suzu,kawaii,25074.54014519876
150,Charlotte_Sylvilia,SNOWDROP,548.5472300115199
151,Cheri_Lupina,VReverie,2648.0672958719642
152,Chiem,Independent,6.381560743074423
153,Chikafuji_Lisa,Tsunderia,6669.112782128654
154,Chikuwa,VEEMusic,415.0410172970193
155,Chloe_Lua,Start UP,11034.572081613002
156,Chloe_Pawapua,Re:Memories,479.20257867129783
157,Chocohana_Mynthia,Independent,54.82872882375723
158,Cierra_Runis,Overidea,13207.612687796252
159,Cosmo_Ruru,Honey Studio,9821.7225886545
160,Cotonoha,VEE,3541.590713819827
161,Crunchyroll-Hime,Crunchyroll,16683.68570327686
162,CyanNyan,Independent,2675.4073293481365
163,DUSTCELL,KAMITSUBAKI STUDIO,3301.242913358825
164,Daem,Independent,161.40288135427474
165,Daimonji_Ryugon,VOMS Project,27175.995385609982
166,DarinV,VTory,261.6373140727919
167,Dasu,Yashin Live,59.64841205313295
168,Debidebi_Debiru,NIJISANJI,445159.2485204495
169,Dennou_Shojo_Siro,.live,260354.14134095228
170,Derem_Kado,NIJISANJI,6010.393370295687
171,Diana_Yeou,Crescent Link Productions,696.789731174028
172,Dola,NIJISANJI,257395.22361918693
173,Doppio_Dropscythe,NIJISANJI EN,50792.85138557022
174,Dosei,Virtunix,39.07492419317644
175,Draki_Kona,Pixela,1179.9081558734226
176,Ebisu_Touka,Masquerade,22355.749010665575
177,Eileennoir,Algorhythm Project,4850.475312180777
178,Eisei,Independent,197.8678048225978
179,El_XoX,Independent,599.2547226008594
180,Elaine,KoMETA,1424.5734277286383
181,Elaine_Celestia,Re:Memories,690.0916407912133
182,Eleki_Antares,Re:AcT,2843.3313945971354
183,Eli_Conifer,NIJISANJI,319674.89100460603
184,Elira_Pendora,NIJISANJI EN,283011.79173131037
185,Elu,NIJISANJI,258272.13132335313
186,Elyssia_Nikos,Independent,860.2143523954048
187,Ember_Amane,Phase-Connect,13179.935477509305
188,Emi_Suika,idol Corp,932.1586168140398
189,Emma%E2%98%85August,NIJISANJI,166157.4389813608
190,Emoco,Independent,154.1067393697274
191,Enji_Notokunchoro,ArkNet,1.3362730520931358
192,Enma_Ruri,LIVE UNION,11401.028363625443
193,Enna_Alouette,NIJISANJI EN,157338.94054828704
194,Enomiya_Milk,NoriPro,127395.93432694806
195,Erai_Amae,VEE,1517.97845498733
196,Erima,HAJITABI,17.872129620810412
197,Erispheria,Independent,59.11034823010134
198,Esme_Kingsleigh,MetanoiaLIVE,59.16308785499231
199,Etna_Crimson,NIJISANJI,2573.5637381811516
200,Evelyn,Re:Memories,1872.54867208041
201,Ex_Albio,NIJISANJI,317242.6081790929
202,Fairy_Ichika,Independent,14227.721889007658
203,Fairys_Chan,NIJISANJI,5371.1515899555
204,FalseEyeD,Things Vtubers Say,2601.3679531194716
205,Figaro,SODA_KIT,42172.46423282441
206,Finana_Ryugu,NIJISANJI EN,139436.7501203207
207,Fiona_Clearesta,Metanoia ID,78.62460094362609
208,Frederett,AKA Virtual,394.99022277041234
209,Fuji_Aoi,Smarprise,211846.2783156085
210,Fujikura_Uruka,Phase-Connect,36562.08953315982
211,Fujisaki_Yua,Exys/Trys,6626.184010998211
212,Fukuya_Master,upd8,7518.114579276833
213,Fulgur_Ovid,NIJISANJI EN,268025.8983816949
214,Fumi,NIJISANJI,143188.71278809622
215,Fumino_Tamaki,NIJISANJI,135979.3721433526
216,Fura_Kanato,NIJISANJI,141822.20855242162
217,Furen_E_Lustario,NIJISANJI,15356.482019066923
218,Fushimi_Gaku,NIJISANJI,541890.78014683
219,Futakuchi_Mana,Independent,15524.894619078888
220,Fuwa_Minato,NIJISANJI,1591493.8442746175
221,Fuwako_Yuni,Independent,4960.682690831215
222,Fuyo_Cloverfield,idol Corp,9253.685916810993
223,Game_Club_Project,Brave Group,24141.480853726698
224,Gaming_with_Mim,Independent,2154.7129861810877
225,Ganba_Ruuko,Independent,10427.46055829891
226,Gaon,NIJISANJI,24657.521160110442
227,Gavis_Bettel,HOLOSTARS English,118065.39197340976
228,Gawr_Gura,hololive English,951097.4425875194
229,Gema_Gathika,AKA Virtual,1410.4279279602379
230,Genesis,Independent,7.446
231,Gentiana_Helix,SNOWDROP,523.3011322502055
232,Genzuki_Tojiro,NIJISANJI,252040.18165627655
233,Gilzaren_III,NIJISANJI,10440.821395475157
234,Ginga_Alice,Balus,58376.01484861666
235,Girl_dm,Virtual Streamers Worldwide,627.1556777693856
236,Go!_Go!_Nippon!_Live_With_You!,MangaGamer,23906.45013241803
237,Go_Ria,LIVE.exe,13.516491181720578
238,Gokigen_Naname,Independent,4284.288281684773
239,Gosegu,ISEGYE IDOL,38.16072070395287
240,GreatMoonAroma,Independent,264.5543893278444
241,Gundo_Mirei,NIJISANJI,431144.20483153284
242,Gwelu_Os_Gar,NIJISANJI,73883.23932222908
243,HACHI,LIVE UNION,35548.452682658346
244,HORI_07,MyHolo TV,699.2994042662845
245,Ha_Yun,NIJISANJI,41373.484361222996
246,Hacka_Doll,Hacka Doll,1504.0140544777194
247,Haewon_The_Witch,Independent,497.72277184145713
248,Hakari_Kanna,Ferret Jogakuin,8230.85961607944
249,Hakase_Fuyuki,NIJISANJI,197743.54857681313
250,Hakos_Baelz,hololive English,343634.32027681154
251,Hakui_Koyori,hololive,928324.6625913444
252,Hakushika_Iori,Phase-Connect,19104.955960037492
253,Hakuya,Independent,5018.011088411886
254,Han_Chiho,NIJISANJI,7544.11903075796
255,Hana_Evangeline,h!mawari Project,29.963171384871913
256,Hana_Macchia,NIJISANJI,51877.37545986663
257,Hanabasami_Kyo,Re:AcT,22049.59074147871
258,Hanabatake_Chaika,NIJISANJI,455714.4885645148
259,Hanabi_Lafy,Pixela,123.92898766900484
260,Hanabishi_Nadeshiko,GEMS COMPANY,11256.993203417336
261,Hanabusa_Lisa,Virtual eSports Project,105575.73153012242
262,Hanachi,MagicaLumina,123.74081376333831
263,Hanakumo_Rin,Propro Production,39903.3963992762
264,Hanamaru_Hareru,Hanayori Girls' Dormitory,55653.4314289831
265,Hanami_Arisa,Independent,1083.1084856733398
266,Hanamori_Healthy,Melty+,28430.287332151896
267,Hanasaki_Miyabi,HOLOSTARS,91198.5819907749
268,Hanazono_Serena,NHOT BOT,15461.936391480574
269,Haneuzu_Miuneru,VOMS Project,39162.776450611535
270,Haniel,Crescent Link Productions,55.79323611566929
271,Hannah_Banana,Independent,2088.3644651016516
272,Harusaki_Air,NIJISANJI,150522.34626307403
273,Harusaki_Nodoka,hololive,29653.79993968781
274,Harusaruhi,KAMITSUBAKI STUDIO,712.3671645411549
275,Hase_Mikoto,GEMS COMPANY,22264.50111221286
276,Hayama_Marin,NIJISANJI,78826.85391949792
277,Hayase_Sou,NIJISANJI,98944.05236780578
278,Hayate_Takanashi,Independent,5195.849969739469
279,Hellbent,Planet Dolan,58694.0106818303
280,Henya_the_Genius,VShojo,4.161174420435552
281,Hex_Haywire,NIJISANJI EN,223065.5724398015
282,Hibiki_Ao,upd8,33572.09460563442
283,Hibiki_Du_Ca,NIJIGEN Project,1456.6190808911122
284,Hibiki_Yui,Stellar Cycle Campus,18598.694212883158
285,Hibinwa,Independent,2.203
286,Hien_Madoka,Megalight Production,43114.60867641002
287,Higuchi_Kaede,NIJISANJI,236552.2294709653
288,Hiiragi_Emuri,Mythic Live,21926.610065912515
289,Hikasa_Tomoshika,VOMS Project,77194.74787147602
290,Himea_D%27Almaria,WACTOR,21868.64158396338
291,Himekuma_Ribon,Re:AcT,68571.79458015432
292,Himemiya_Rie,Phase-Connect,14350.659538532098
293,Himemori_Luna,hololive,370192.7263998808
294,Himesaki_Yuzuru,NoriPro,629.0723776682214
295,Himukai_Kogane,VOICE-ORE,4742.162764140454
296,Hina_Misora,WACTOR,51709.12945690026
297,Hinabe_HongFei,Pixela,193.3011754508079
298,Hinagawa_Kyomi,WE Liver's,77.8621985123432
299,Hinahoshi_Airu,VEE,3512.460408065501
300,Hinokami_Hikone,Axel-V,16453.73904081487
301,Hinokuma_Ran,774 inc.,74397.95517539079
302,Hinotori_Mera,Propro Production,26909.15248561172
303,Hira_Hikari,774 inc.,47355.17351856545
304,Hiraya,Independent,3073.2444599040427
305,Hiseki_Erio,NHOT BOT,8116.517170922191
306,Hitomi_Cocco,CoCo Diversity Entertainment,2262.8982223200064
307,Hiyori_Chihiyo,VEE,3231.24865865853
308,Hiyori_Kaban,Independent,3300.2869399553515
309,Hizaki_Gamma,HOLOSTARS,135128.01708738893
310,Hizuki_Miu,WACTOR,10972.90775420857
311,Hizuki_Rurufu,Snack Nili,92448.66107572021
312,Hizuki_Yui,Neo-Porte,41339.18409955155
313,Hoku,Polygon Project,224.23218708222322
314,Honma_Himawari,NIJISANJI,434087.08200995956
315,Hoozuki_Warabe,NoriPro,67932.99293828946
316,Hoshifuri_Iku,PRISM Project,25551.684533346302
317,Hoshikawa_Sara,NIJISANJI,318345.79270010354
318,Hoshikusa_Moyuri,Independent,4058.084841644888
319,Hoshimachi_Suisei,hololive,676049.3338941705
320,Hoshina_Hinaka,GEMS COMPANY,16098.790118040773
321,Hoshina_Suzu,WACTOR,1248.5444474123226
322,Hoshino_Charlotte,Duskward,10610.927007998105
323,Hoshino_Supika,Masquerade,111496.47368171586
324,Hoshino_Tamami,Polygon Project,67.09650291813372
325,Hotaru_Iora,VReverie,14968.64764650903
326,Houshou_Marine,hololive,1552061.1661359854
327,Hunter,VTory,21.82868075533995
328,Hyakumantenbara_Salome,NIJISANJI,240247.41755801142
329,Hyogayome,Independent,5028.460212378881
330,Hyona_Elatiora,NIJISANJI,4189.617118488054
331,IRyS,hololive English,436575.5811553593
332,Ibrahim,NIJISANJI,904502.2526759239
333,Ibuki_Meno,PRISM Project,31376.532778926812
334,Ichigo_Lemonade,Independent,194.84183903335204
335,Ichimaru_Ichi,Independent,16544.724578023197
336,Ichimatsu_Suzuka,Independent,3392.017000845113
337,Ichinose_Uruha,Virtual eSports Project,367472.30554315465
338,Idris_Pasta,Independent,36.25892331482788
339,Ieiri_Popo,774 inc.,46008.38562617025
340,Iekushi_Chapipi,Aetheria,1973.173884755452
341,Ienaga_Mugi,NIJISANJI,50592.416983371615
342,Igarashi_Rika,NIJISANJI,34115.58481689237
343,Igni_Redmond,Metanoia ID,18.466810689831107
344,Iida_Pochi,Independent,51926.846308825436
345,Ika_Gayou,Independent,5.314368026159059
346,Ike_Eveland,NIJISANJI EN,537132.1883117302
347,Ikoi_Momoa,Propro Production,30813.79414007064
348,Ilu_Fluor,Independant,19887.70259781656
349,Inaba_Haneru,774 inc.,783647.6455376068
350,Inami_Yoki,Aetheria,1957.519071432268
351,Inari_Iroha,NoriPro,130306.55525163654
352,Inori_Aijou,IGNITE PROJECT,18.72211580920649
353,Inugami_Korone,hololive,1236072.8934761474
354,Inui_Shinichiro,VEEMusic,47402.30003547691
355,Inui_Toko,NIJISANJI,629794.7583659518
356,Inukai_Purin,Tsunderia,16563.807596748866
357,Inumaki_Himari,WACTOR,9002.942000133413
358,Inuyama_Tamaki,NoriPro,162436.4783073309
359,Ironmouse,VShojo,3087.995568580755
360,Isabella_Holly,ReVdol!,191.29560188574948
361,Isekaijoucho,KAMITSUBAKI STUDIO,2242.293766280888
362,Ishigami_Nozomi,NIJISANJI,58695.32677080807
363,Isla_Coleman,kawaii,9890.518937629357
364,Ito_Life,Independent,86843.49621235838
365,Itoi_Toi,Neo-Porte,10707.762333218883
366,Itoshino_Tesla,Masquerade,42420.56332928573
367,Itsuka_Iyu,Independent,362.09383972101665
368,Izumo_Kasumi,NIJISANJI,40632.47142000245
369,Jade_the_Kobold,Independent,1381.5836788875094
370,Jaiden_Animations,Independent,2870.6963014269577
371,Jenta_Cookie_Cat,Independent,237.11423375518567
372,Joe_Rikiichi,NIJISANJI,305300.36729694734
373,Jolly_Estaa,Pixela,160.2499972197385
374,Josuiji_Shinri,HOLOSTARS English,43501.015824818474
375,Juliana_Shafira,AKA Virtual,663.3211172452432
376,Juliana_Shafira,Independent,663.3211172452432
377,Julie,Independent,412.4472445976659
378,Juna_Unagi,idol Corp,16836.69505837184
379,Jururu,ISEGYE IDOL,68.52016923459053
380,KAF,KAMITSUBAKI STUDIO,9893.942360399942
381,KOKO,KAMITSUBAKI STUDIO,440.20513657371237
382,Kaburaki_Roco,NIJISANJI,17556.436768132357
383,Kaduki_Mikuru,Propro Production,35588.93213897989
384,Kaela_Kovalskia,hololive Indonesia,218957.98494832576
385,Kaga_Nazuna,Virtual eSports Project,130655.00807547713
386,Kaga_Oren,Independent,122445.85282518965
387,Kaga_Sumire,Virtual eSports Project,182105.54010259558
388,Kagami_Hayato,NIJISANJI,1205357.6997225652
389,Kagami_Kira,HOLOSTARS,9304.5885606719
390,Kageyama_Shien,HOLOSTARS,152046.13954250937
391,Kaguya_Luna,Vic inc.,288.71067076611337
392,Kaheru,Independent,5342.142973737689
393,Kaida_Haru,NIJISANJI,918618.5648739357
394,Kaidou_Anone,Propro Production,588.5209638673324
395,Kakage,Independent,4064.888482097051
396,Kakyoin_Chieri,.live,196308.0379304196
397,Kaminari_Qpi,Virtual eSports Project,89694.16365380592
398,Kamioka_Chirol,Independent,3836.0137664649324
399,Kamishiro_Kurea,Otogi Resurrection,127300.7078936714
400,Kamishiro_Natsume,Independent,25165.69182481778
401,Kamishiro_Rita,PRISM Project,54227.54681545457
402,Kamito,Independent,243417.24655013252
403,Kamiya_Juu,8THiR3AL Projekt,6851.460420940445
404,Kamiyu_Reirin,Pixela,251.3398843418193
405,Kamizuki_Naki,PRISM Project,16809.455606932628
406,Kanade_Izuru,HOLOSTARS,70110.892297652
407,Kanade_Kanon,774 inc.,63665.94359187973
408,Kanade_MiMi,Smarprise,118044.25519255472
409,Kanae,NIJISANJI,1401483.4261276473
410,Kaname_Mahiro,MaRiNaSu,29511.071612576867
411,Kanda_Shoichi,NIJISANJI,132729.36253331133
412,Kaneko_Lumi,Phase-Connect,6168.5129149101695
413,Kanizawa_Kani,Atelier Live,7895.137741074302
414,Kappako_Channel,Independent,635.0461710924917
415,Karen_von_Nachtigall,PITAPAT,3792.6434564705955
416,Karissa_Sharlotte,MetanoiaLIVE,800.143454452853
417,Karrot_Keromi,MyHolo TV,2984.1119908914775
418,Karuna_Hanami,3R Gaming,2295.052209661383
419,Kasai,"All Ages of Geek, LLC",451.71999999999997
420,Kashiko_Mari,Re:AcT,97969.90464258395
421,Kasukabe_Tsukushi,upd8,26829.06869878285
422,Kattarina_Qutie,idol Corp,7070.958454893416
423,Katya_Felicia,ASPIRA Project,118.1898094094427
424,Katya_Uranova,ReVdol!,3515.724861260426
425,Kawamura_Agil,KIGI:STUDIO,20.624161792257564
426,Kayamori_Emma_-_Emma_Chouette,Independent,134300.78557594158
427,Kazama_Iroha,hololive,653594.2762274061
428,Kazami_Kapra,Independent,1666.3567845628168
429,Kazami_Kuku,774 inc.,164025.34290344958
430,Kazamiya_Matsuri,Balus,49942.40098276831
431,Keigo_Aria,Independent,54.58274748099134
432,Kenmochi_Toya,NIJISANJI,531554.0181898351
433,Kettletoro,Independent,211.2338115378526
434,Kevin_Vangardo,MAHA5,42.444661191887946
435,Khaojao,Independent,288.7588617533331
436,Kii_Ui,Independent,37.21191618435797
437,Kiki_Lockheart,EIEN Project,5293.7704588197375
438,Kilia_Kurayami,EIEN Project,4611.160886998699
439,Kimino_Miya,upd8,15704.658279364256
440,Kinetsuki_Noa,Independent,96.47887323943662
441,Kiraboshi_Miya,AKA Virtual,6647.817150688332
442,Kirine,Parabellum Project,26.237970803009567
443,Kirsche,Independent,1155.2364056644124
444,Kirschtorte,Independent,100899.42468742697
445,Kiryu_Coco,hololive,2376852.2206944465
446,Kisaki_Anko,774 inc.,75651.4163383646
447,Kisaki_Thi%C3%AAn_Tr%C3%A0,NIJIGEN Project,1412.5224049809658
448,Kisaragi_Ren,Virtual eSports Project,39314.262382465444
449,Kishido_Temma,HOLOSTARS,111963.58608098055
450,Kiso_Azuki,.Live,3780.6145121623117
451,KitNetic,Independent,37.0
452,Kitakara_Tome,Independent,534.7952409946182
453,Kitakoji_Hisui,NIJISANJI,149774.4804160402
454,Kitashirakawa_Kakapo,VEE,1393.4833305061686
455,Kitsuneko_Mewten,Pixela,81.90975051995471
456,Ko_Yami,NIJISANJI,2572.622238029723
457,Kobo_Kanaeru,hololive Indonesia,56775.30708092569
458,Kochou_Momiji,ZIG,15.54151683556718
459,Kogara_Toto,Virtual eSports Project,49396.065270054096
460,Koguma_Keiya,Yume Reality,20.145449933041384
461,Kogure_Piyoko,WACTOR,4704.744171080002
462,Kohaku_Teto,Neo-Porte,12788.975196208952
463,Kohaku_Yuri,774 inc.,26177.996640824866
464,Kohigashi_Hitona,Hanayori Girls' Dormitory,62329.04507424126
465,Koinoya_Mai,Propro Production,179287.76172111824
466,Kojo_Anna,774 inc.,51220.77240126587
467,Kojo_Momozakura,Buisen,24112.33399331655
468,Kokoro_Koharu,Independent,13730.868581939249
469,Kokuyou_Lira,VEE,3887.721556967442
470,Komai_Ume,Varium,28670.793714372103
471,Komori_Met,VSPO!,256202.20278300997
472,Kongo_Iroha,.live,50399.36058055263
473,Koopa_Fortuna,Yokomeshi,2811.806029631163
474,Koshimizu_Toru,NIJISANJI,35110.67827145243
475,Kosiba_Nigiri,Second Heroine Project,4785.814961752951
476,Koto_Miyuri,Re:AcT,4251.592433302977
477,Kotobuki_Yume,KOUEN,3379.024250698689
478,Kotohara_Hinari,Amaryllis,41541.42314693921
479,Kotoka_Torahime,NIJISANJI EN,22298.19314532364
480,Kou_Rin,MAHA5JAPAN,2.3642778390297683
481,Koziichu,Kawa Entertainment,3166.895917879369
482,Kson,VShojo,1032997.8063621304
483,Kudo_Chitose,NIJISANJI,1026.3823603758783
484,Kuga_Leo,Neo-Porte,30713.535041667434
485,Kujo_Ringo,VEE,38836.561455521965
486,Kulaku_Lie,Re:AcT,70058.11136410208
487,Kumagai_Chisato,Independent,10324.163025986212
488,Kumagaya_Takuma,NoriPro,32059.413055516725
489,Kumonoue_Yumemi,Independent,63735.93270587873
490,Kuramochi_Meruto,NIJISANJI,29537.06125251911
491,Kureiji_Ollie,hololive Indonesia,257566.51400966203
492,Kuriyama_Yanmi,VGaming,17919.195834930353
493,Kuroe_Alice,Independent,5074.33163297464
494,Kurohiko,Independent,13.930905557799283
495,Kuroi_Shiba,NIJISANJI,40680.549277386286
496,Kurokiri_Aria,PLIVYou,6728.078695385188
497,Kuromiya_Tima,Eilene Academy,14092.118986547313
498,Kurono_Kureha,Independent,19.622824042857996
499,Kuroshka,MayuVerseID,234.51898613905735
500,Kurumi_Noah,Virtual eSports Project,355333.134494732
501,Kurumizawa_Momo,NoriPro,259694.778533788
502,Kurune_Kokuri,Axel-V,29660.699221830888
503,Kurusu_Natsume,NIJISANJI,216677.43461083915
504,Kuuma_Mireille,WACTOR,3265.5634743936102
505,Kuyun_Ubye,Cloud Horizon,59869.74763863684
506,Kuzuha,NIJISANJI,1892644.9822722254
507,Kuzuryu_Io,Atelier Live,645.6442529143916
508,Kyo_Kaneko,NIJISANJI EN,55779.939668687235
509,Kyogoku_Emilia,Circlemiran,869.2181917901975
510,Kyublitz,Independent,21.990000000000002
511,Kyura_Veronica,ASPIRA Project,620.8928733874932
512,La%2B_Darknesss,hololive,347824.64935455256
513,Laguna_Juju,Pixela,567.1966295088155
514,Laibaht,ManyVProject,297.8807118954256
515,Lain_Paterson,NIJISANJI,163819.66580148396
516,Lala_Alberich,AKA Virtual,341.4128859050988
517,Lapine,Polygon Project,217.36086071910447
518,Lauren_Iroas,NIJISANJI,517980.5709858021
519,Lawiz,HAJITABI,57.88105562109209
520,Layla_Alstroemeria,NIJISANJI,4695.62954882805
521,Lea,WACTOR,136.64691157746398
522,Lee_Roha,NIJISANJI,27269.421229322652
523,Lee_Siu,NIJISANJI,22982.454526471472
524,Lemon,Independent,45.629399465465276
525,Leone_Halcon,SNOWDROP,630.6780574236334
526,Leos_Vincent,NIJISANJI,575415.1435948323
527,Levi_Elipha,NIJISANJI,174701.8828599283
528,Lewis_Quadruped,GhostCrown,3239.199283345268
529,LiLYPSE,Virtual Avex,563.0787429431292
530,LiPE,Independent,2640.6512973071585
531,Li_Seika,ReVdol!,755.9627137292675
532,Lilian_Grimmxandra,AKA Virtual,215.993681648545
533,Liliana_Vampaia,MyHolo TV,10586.758713093905
534,Lilpa,ISEGYE IDOL,78.8371328375553
535,Lilrya_Prisvielle,VReverie,10074.207963883757
536,Lily_Endou,Sedai One,5771.71410786552
537,Lily_Ifeta,Re:Memories,370.1239008357982
538,Lily_Sin,idol Corp,3634.3064874385127
539,Lime,WFLE,6172.729358246935
540,Liola_Lightbringer,MyHolo TV,938.1736473965365
541,Liora_Walkyria,V&U,18470.117080446023
542,LiuVerdea,Ultimatum Of Matrix,1.3140424533235864
543,Lize_Helesta,NIJISANJI,477977.8895331588
544,Louise_Khikume,SNOWDROP,123.68633663619288
545,Louise_Priere,Varium,22763.90129090554
546,Luca_Kaneshiro,NIJISANJI EN,646396.2506069026
547,Lucene,Polygon Project,255.42498859740343
548,Lucid_Astracelestia,Independent,9.132427485505382
549,Luis_Cammy,NIJISANJI,142604.93395651312
550,Lumi,Merryweather Media,1358.3859415407492
551,Lumi_Celestia,MAHA5,137.9307320691334
552,Luminous_Sweet,VEE,4490.738570433307
553,Lunaria_Ayaren,Independent,229.33366641225274
554,Lunaris_Urufi,MyHolo TV,2801.967300845726
555,Luxia,Polygon Project,125.534961828014
556,Luzyca,Amaryllis,12060.073296224744
557,Lya_Fuyurin,Muse Indonesia,213.0360023402662
558,Lyrica,Independent,10771.859391627144
559,MEW_Horizon,Akio AIR,2363.399496992762
560,MYA,Independent,48111.32583442018
561,Machina_X_Flayon,HOLOSTARS English,32182.55851260909
562,Machita_Chima,NIJISANJI,238755.33699893634
563,Mado,Independent,349.9221624798388
564,Magni_Dezmond,HOLOSTARS English,87367.50241551065
565,Magrona,Independent,86465.14428238114
566,Magura_Ene,BANs,4.065547743252438
567,Mai,AKA Virtual,1701.825515182027
568,MaiR,ALIVE MUSIX,84480.73998586026
569,Maibyou_Kusuri,MarbleCreators,466.05265181514824
570,Maimoto_Keisuke,NIJISANJI,102405.08918754086
571,Maisaki_Berry,Independent,69555.11288875928
572,MakKoeda,Independent,317.0607336563824
573,Makaino_Ririmu,NIJISANJI,152427.55576880582
574,Makina_Erina,Phase-Connect,9120.637673418076
575,Makoh_Lisa,Re:AcT,33536.25723155526
576,Makoto_Misaki,MangaGamer,29527.63205839745
577,Mana_Renewal,WePlanet,7273.507662215704
578,Maomao,MarbleCreators,28207.627976607495
579,Maple_Alcesia,Independent,1189.6503407037137
580,Marcia,Yuuhei Satellite,15898.882630739428
581,Maria_Marionette,NIJISANJI EN,45503.64139786257
582,Marpril,Iwamotochou Geinousha,16115.188540628718
583,Mashiron,VTBR,1185.6961582869233
584,Matsukai_Mao,NIJISANJI,192683.3431378488
585,Matsunaga_Iori,Brave Group,46297.66951339944
586,Matsuro_Meru,Tsunderia,13333.005614730519
587,Mayuzumi_Kai,NIJISANJI,512475.954517841
588,Megamisoft_ASMR,Megamisoft,257.9419828568135
589,Meily,Independent,42.78189508329382
590,Melita_X,Pixela,220.45060944086092
591,Meloco_Kyoran,NIJISANJI EN,19411.0940733452
592,Meraki_Keimii,Pixela,176.20604641445394
593,Mew_Garcia,VEE,9214.410568643723
594,Midnight,Sandblock Virtual Group,33.497828038484236
595,Midy,ENTUM,697.0889835624315
596,Miilkywayz,Independant,438.6190999788159
597,Mika_Melatika,NIJISANJI,88087.75235901821
598,Mikage_Yamato,ODYSSEY inc.,353.5650546881812
599,Mikazuki_Mai,Project Kavvaii,1675.2382641381962
600,Miki,HAJITABI,14.42821359625114
601,MikuRu-0,HAJITABI,134.7305706655098
602,Mikuriya_Kuon,ENTUM,24853.56928700151
603,Millie_Parfait,NIJISANJI EN,176701.85379134747
604,Min_Suha,NIJISANJI,64893.31770140294
605,Mina_Aoyama,Independent,5027.349201696175
606,Minami_Nami,LiveCartoon,11104.630302795793
607,Minamori_Hero,ENTUM,20136.18465374932
608,Minamoto_Arisa,Independent,2911.3327353237178
609,Minase,Neo-Porte,44825.17965364952
610,Minase_Rio,HOLOSTARS,31383.220973211006
611,Minato_Aqua,hololive,1177039.9569472666
612,Mino_Mieko,Kawa Entertainment,8509.173772281394
613,Minon,Independent,17391.043400983595
614,Mint_Fant%C3%B4me,Independent,100.0
615,Miori_Celesta,Tsunderia,83722.09497985612
616,Mirai_Akari,GOOM STUDIO,38904.13638707048
617,Mirea_Sheltzs,Independent,19535.434876100666
618,Miria,KoMETA,4816.217030077861
619,Misora_Kanon,NIJIGEN Project,235.74189591239195
620,MissShadowLovely,Independent,43.04334965859542
621,Miss_Baka,Independent,20.0
622,Mitsumono_Rin,Independent,800.1787643420513
623,Mitsurugi_Lia,WACTOR,138.47106078108126
624,Mitsuzaki_Aya,Independent,1698.7819961327968
625,Miyoshino_Shiki,PRISM Project,51109.32484300192
626,Miyu_Miyu,Independent,415.4407631328388
627,Miyu_Ottavia,NIJISANJI,0.9494123730841324
628,Mizugame_Mia,Re:AcT,18613.774239489372
629,Mizuhane_Sora,Propro Production,2901.8655095069544
630,Mizukura_Canal,Axel-V,3368.928189278787
631,Mizuno_Levi,VMaison,2872.190152237086
632,Mizushina_Aoi,GEMS COMPANY,65141.7192991889
633,Mo_Xi,ReVdol!,5281.931503287419
634,Mochizuki_Himari,unicreate,109768.85061029838
635,Moeri,EIEN Project,65.0
636,Moi_CHATON,Independent,2296.797043805925
637,Moira,NIJISANJI,44385.48838678076
638,Mokota_Mememe,.live,159004.00596290227
639,Momoka_Mocha,Masquerade,172386.55077757462
640,Momose_Nina,ProjectNebula,31567.26815405076
641,Momosuzu_Nene,hololive,1051716.8621290303
642,Momozora_Seina,Aetheria,1268.6677293373384
643,Mononobe_Alice,NIJISANJI,271324.2358369251
644,MonsterZ_MATE,Balus,53018.597720885
645,Mooco_Witchie,VTory,178.9037044560083
646,Moona_Hoshinova,hololive Indonesia,91622.85648351925
647,Mori_Calliope,hololive English,1274136.3756586807
648,Morinaka_Kazaki,NIJISANJI,128522.12271872706
649,Morino_Merun,Independent,17951.752559052227
650,Mortifer_Bathory,Parabellum Project,15.79962898639612
651,Moryu_Gao,Independent,212.79936879138972
652,Mozaru,Independent,23.508209002656237
653,Mumuimi_Animo,Eilene Academy,10239.326000992483
654,Murasaki_Shion,hololive,690444.2466673729
655,Mutsuki_Mashiro,Independent,6298.307117318498
656,Mysta_Rias,NIJISANJI EN,431258.21745617135
657,NaYuta,Neo-Porte,38953.42254240887
658,Na_Sera,NIJISANJI,24427.34480487506
659,Nabi,Independent,831.4262226780997
660,Nachoco,Wright Flyer Live Entertainment,232.5380333451153
661,Nagao_Kei,NIJISANJI,383320.40292860987
662,Nagare_Sara,PRISM Project,26523.345478250907
663,Nagekino_Aria,IRIAM,571.8080605616028
664,Nagisa_Arcinia,NIJISANJI,1540.6110968721744
665,Nakiri_Ayame,hololive,677185.9375561121
666,Namiji_Freesia,kawaii,6224.044797824892
667,Nanahoshi_Milily,.live,28270.62189619011
668,Nanami_Yurika,Independent,686.1389717344192
669,Nanaougi_Tuduri,Independent,43.45001528584531
670,Nanase_Eru,Varium,23708.578925602167
671,Nanase_Taku,BitStar Akihabara Lab,87.10465091655954
672,Nanashi_Mumei,hololive English,243565.40933655796
673,Naninu_Nene,GEMS COMPANY,42151.377329756506
674,Nao_Naoki,Independent,7.910604400861778
675,Naoki_Kigi,KIGI:STUDIO,9.209376092294956
676,Nara_Aprilia,Independent,23.368528188224452
677,Nara_Haramaung,NIJISANJI,6117.676869150468
678,Naraka,NIJISANJI,112243.90008261953
679,Naruse_Naru,NIJISANJI,128848.81558247302
680,Natsuiro_Matsuri,hololive,978956.0405173982
681,Natsume_Eri,Hitsuhima,244670.67837931035
682,Natsume_Mei,Eilene Academy,32903.17545159978
683,Natsumi_H%E1%BA%A1_Chi,NIJIGEN Project,239.62297474117332
684,Neets,ENTUM,254.73661816637494
685,Nekobuki_Kemuri,Independent,17571.943245927407
686,Nekomachi_Momo,Yuno Production,11387.739338912697
687,Nekomata_Okayu,hololive,777287.8783034879
688,Nekomi_Mousu,Desune Live,91.64966785623298
689,Nekomiya_Hinata,ENTUM,38440.08807909426
690,Nekono_Yukino,Re:AcT,42809.453303374394
691,Nekonogi_Bell,ViViD,35218.606033776334
692,Nekonoki_Mochi,.live,16715.834059499724
693,Nekosaki_Anji,Independent,35518.72516109967
694,Nekota_Tsuna,VSPO!,44192.56765313472
695,Nekoyama_Sena,Yume Reality,1285.0375479730583
696,Nekozeno_Shin,NoriPro,178063.9716653295
697,Nemutaka_Yuta,Yume Reality,50.13583914716871
698,Nene_Amano,kawaii,80566.24140099986
699,Neo_Sparkles,idol Corp,2459.593182868287
700,Neon_Kuroyuri,WACTOR,1850.3254409274127
701,Neuatong,VTory,564.0874713418402
702,Nia_Redalion,MAHA5,452.7226032952573
703,Nijikawa_Laki,upd8,28044.413658057547
704,Nikki_Rei,idol Corp,4932.231457844797
705,Nina_Kosaka,NIJISANJI EN,185601.48156226214
706,Nini_Yuuna,Tsunderia,58.49140699218207
707,Ninomae_Ina%27nis,hololive English,550009.6196874444
708,Ninomiya_Sho,SNOWDROP,808.6524323275021
709,Nisa,Sandblock Virtual Group,16.767453588759714
710,Nishizawa_5mm,Independent,343.22201167999293
711,Nishizono_Chigusa,NIJISANJI,169987.19759065544
712,Nivi_The_Salmon,Independent,1321.5104520424886
713,Noir_Vesper,HOLOSTARS English,128541.97049396309
714,Noor,NIJISANJI,12756.798943449494
715,Nova_Aokami,VReverie,15797.570729166739
716,Nowhere,Kawaii Music,341.30847881906516
717,Nugumu,Independent,8.351077348803738
718,Nui_Sociere,NIJISANJI,277034.7774425956
719,Nun_Bora,NIJISANJI,31.332372571638963
720,Nx-Aji_2806,Independent,159.68234771084371
721,Nyan_Nyan_Miruku,Independent,229.21217715096373
722,Nyatasha_Nyanners,VShojo,8000.710990948302
723,Obake_PAM,Playasia,13262.806248531057
724,Oda_Nobuhime,upd8,17945.329519504885
725,Oh_Jiyu,NIJISANJI,21913.32665866408
726,Oinomori_Leto,7th Colors Project,7327.829261160669
727,Oinomori_Leto,Independent,7327.829261160669
728,Oliver_Evans,NIJISANJI,321055.71530888707
729,Omaru_Polka,hololive,378965.6110452084
730,Omori_Kira,Independent,986.0717528132358
731,Onigashima_Piichi,Buisen,5546.9834867848895
732,Oninosuzu_Rin,Independent,2498.1270052707873
733,Onolumi,Independent,9708.141164179002
734,Onomachi_Haruka,NIJISANJI,115910.68414010156
735,Ookami_Mio,hololive,482253.9916327531
736,Oozora_Subaru,hololive,1009767.6073305864
737,Ophelia_Midnight,VReverie,14473.782920339805
738,Orihime,Cirque☆Live,298.48352875447637
739,Orla_Gan_Ceann,Tsunderia,1516.6693135027542
740,Osanai_Mei,upd8,2521.540805813586
741,Osanai_Nazuna,BitStar Akihabara Lab,8569.204186010746
742,Oshiro_Ito,VEE,9569.671604500902
743,Otohane_Lara,upd8,6403.84123882186
744,Otokado_Ruki,VEE,35598.48934085845
745,Otome_Oto,Chucolala,50898.41870572619
746,Otonari_Moka,MAHA5JAPAN,3908.617720662944
747,Ouma_Kirara,NoriPro,335313.4111381322
748,Oumiya_Emma,Aetheria,2139.807529685388
749,Ouro_Kronii,hololive English,416425.7555921933
750,Pagemi,Independent,14.259966396822971
751,Pan,OTAHOO Project,3649.525605209582
752,Pavolia_Reine,hololive Indonesia,164266.08833117332
753,Pending,Independent,0.99
754,Penelope_Wiseman,V&U,8496.395443983629
755,Pengin_Pina,PRISM Project,38916.20044831123
756,Penumbral,Independent,3963.3776530598147
757,Petra_Gurin,NIJISANJI EN,110400.97765149827
758,Pipkin_Pippa,Phase-Connect,213955.75394574009
759,Pirrou_Sophie,Digikagi,246.22588124960365
760,PixcatOS,Independent,284.73
761,Planya,WePlanet,5490.501525284856
762,Pochi_Wanmaru,idol Corp,6312.172488522348
763,Pomu_Rainpuff,NIJISANJI EN,448407.9541296527
764,Ponpoko,Independent,181375.6996513396
765,Ponto_Nei,NIJISANJI,55824.032924991894
766,Poppy,League of เจอเกรียน แห่งประเทศไทย (League of troll of Thailand),64.98686980006518
767,Poteti,S:gnal,1420.9733367382369
768,Princess_Zelina,Pixela,484.9411611050956
769,Prof._Harunozuka,Prof. Harunozuka & Comrade,52.406294558303856
770,Qualia_Qu,Re:AcT,2025.4493177013119
771,Quon_Tama,Guild CQ,77414.75964319975
772,RIM,KAMITSUBAKI STUDIO,498.2783316899024
773,Raelice,Independent,3090.0407380149786
774,Rai_Galilei,NIJISANJI,1001.0939323870458
775,Ramusika,Independent,2141.6775877483324
776,Raska_Malendra,ArkNet,30.32321931425026
777,Ratio_Yuires,Project:YuiRes,68556.24633205317
778,Ratna_Petit,NIJISANJI,262154.02854528505
779,Rebecca_Doodles,Independent,243.32057560696651
780,Regis_Altare,HOLOSTARS English,90114.63489364539
781,Regrush_Lionheart,NoriPro,113190.70373144075
782,Reimu_Endou,NIJISANJI EN,101533.25217016328
783,Reina_Sun,kawaii,24371.954395505585
784,Reinanda_Rea,AKA Virtual,110.52349641009624
785,Remilia_Nephys,Phase-Connect,9394.617489174692
786,Ren_Zotto,NIJISANJI EN,62138.39107266549
787,Rena_Anggraeni,MAHA5,79.22757139676257
788,Reynard_Blanc,Re:Memories,156.46537026753526
789,Reza_Avanluna,NIJISANJI,12428.471983735219
790,Rigel.CH,Independent,31.30784366352616
791,Rikka,HOLOSTARS,136837.2336544192
792,Riksa_Dhirendra,NIJISANJI,6910.265023069124
793,Rikudou_Yura,PRISM Project,31187.601084737333
794,Rimmu,Independent,287.9884544349686
795,Rin_Asobi,Animel Studio,268.62070924137186
796,Rin_Penrose,idol Corp,21984.275473189347
797,Rindou_Mikoto,NIJISANJI,357034.6862158911
798,Rinkou_Ashelia,Phase-Connect,50257.22918925259
799,Ririsya,Independent,53461.02742669057
800,Riro_Ron,idol Corp,1921.790880455415
801,Risotto_Gambino,Independent,10.592892365486804
802,Riza,Independent,35.10218776401662
803,Roboco-san,hololive,284708.9995973707
804,Rocco_Pops,Independent,66.80809095457029
805,RonaRona,Independent,497.1491798228759
806,Rora_Meeza,ALTERLY,191.62340508622418
807,Rose_Barrett,ReVdol!,5982.629228410348
808,Rosemi_Lovelock,NIJISANJI EN,143687.6117048537
809,Roza_Coatl,lucid Multimedia,5393.685996173888
810,Rumi_(Lanmewko),M. Entertainment,157302.67137325357
811,Rurine_Luna,WACTOR,46925.602569828734
812,Ryoda_Akamazu,Akamazu Brothers,12.381173534878958
813,Ryu_Hari,NIJISANJI,12820.08145776154
814,Ryugasaki_Rene,774 inc.,92395.9940278816
815,Ryushen,NIJISANJI,123393.7562413111
816,Ryuuki_Tatsuya,Yume Reality,10.283349517351601
817,S_a_S_a,Independent,30.83684855100999
818,Saegusa_Akina,NIJISANJI,852383.6732106764
819,Safiyya_Raima,Independent,325.1008865338705
820,Saionji_Mary,774 inc.,119265.8339752472
821,Saito_Nicole,22/7,2160.289782138343
822,Saka,Independent,2222.814612347472
823,Sakamata_Chloe,hololive,1043218.5522038272
824,Sakura_Hana,Kaso Shojo,5007.15403946093
825,Sakura_Isumi,Propro Production,14039.256288611685
826,Sakura_Miko,hololive,1111514.1339961377
827,Sakura_Ritsuki,NIJISANJI,310187.99362476065
828,Sakuya_Azusa,Propro Production,103187.05457619819
829,Saohime_Yue,WACTOR,2918.701583649318
830,Saria,Independent,46.96546501780291
831,Sarumonin,Independent,264.95
832,Sasaki_Saku,NIJISANJI,405440.5052621546
833,Scarle_Yonaguni,NIJISANJI EN,257282.22147725296
834,Scylla_Brantley,SNOWDROP,190.82361220972086
835,Seffyna,NIJISANJI,63518.897899698604
836,Sekishiro_Mico,774 inc.,134915.8718320992
837,Selen_Tatsuki,NIJISANJI EN,352324.0211525683
838,Selia_Aisnith,AKA Virtual,85.45046221842176
839,Sena_Bonbon,FlaVR,3168.5719502540187
840,Sena_Redo,Independent,20.907661634686164
841,Serafina,AuroraLiveVR,1058.727320430116
842,Seraph_Dazzlegarden,NIJISANJI,169187.79454051907
843,Serotina,Independent,488.2322473303275
844,Seshima_Rui,774 inc.,94313.91740109771
845,Seto_Miyako,NIJISANJI,109800.11129475311
846,Setsuna,NIJISANJI,2888.8544668852883
847,Shabel_Tonya,LITMEDIA,15963.457475230303
848,Shee_Icho,kawaii,6006.234639224949
849,Shellin_Burgundy,NIJISANJI,114454.24731145383
850,Shibuya_HAL,Neo-Porte,278078.1736925366
851,Shibuya_Hajime,NIJISANJI,168019.47906027688
852,Shigure_Ui,Independent,183735.54431237862
853,Shiina_Yuika,NIJISANJI,376030.67384492833
854,Shikami_Lana,PRISM Project,866.0662343590202
855,Shikinagi_Akira,NIJISANJI,83818.52576774784
856,Shimamura_Charlotte,774 inc.,138191.8395037215
857,Shin_Kiru,NIJISANJI,1198.4892211612976
858,Shin_Yuya,NIJISANJI KR,13428.588139110558
859,Shinma,Independent,530.7550488796376
860,Shinomiya_Runa,VSPO!,108132.00381003701
861,Shinonome_Ito,WACTOR,3057.4368523734674
862,Shirakami_Fubuki,hololive,825291.0983918759
863,Shiranami_Ramune,VSPO!,19080.86205987264
864,Shiranui_Flare,hololive,1154803.2704537562
865,Shiratama,Independent,14221.55350075374
866,Shirayuki_Mishiro,NoriPro,545627.7940863757
867,Shirayuki_Reid,Neo-Porte,208542.96126943963
868,Shirayuki_Tomoe,NIJISANJI,653239.6969527587
869,Shirayuri_Lily,ViViD,322296.524550227
870,Shirogane_Noel,hololive,1161838.2704260002
871,Shirono_Yuzuki,GEMS COMPANY,22952.7064197361
872,Shirose_Aoi,Propro Production,62561.76364827719
873,Shishido_Akari,NIJISANJI,10912.244822231069
874,Shishigami_Leona,Re:AcT,124302.7639127294
875,Shishio_Chris,774 inc.,71297.8001904239
876,Shishiro_Botan,hololive,495576.83676188765
877,Shisui_Kiki,774 inc.,62356.478104206944
878,Shisui_Michiru,Phase-Connect,4421.407821870782
879,Shizuka_Dia,Independent,155.14
880,Shizuka_Rin,NIJISANJI,320951.3882085868
881,Shu_Yamino,NIJISANJI EN,351127.1738660566
882,Shunsui_Rei,upnation-ntv,35049.355083572715
883,Shxtou,United Talent,2949.7245119583104
884,Shylily,Independent,17583.692276152742
885,Sigmunda_Riona,Polygon Project,0.8499447722190792
886,Silvervale,VShojo,1028.2574186300242
887,Sion,Independent,712.0063041138588
888,Sister_Claire,NIJISANJI,312526.9231461271
889,Skye_Shinryu,EIEN Project,2948.9115232845948
890,So_Nagi,NIJISANJI,59873.67753503983
891,Solly,VTory,175.5713074312022
892,Song_Mia,NIJISANJI,1330.9244266266724
893,Sonny_Brisko,NIJISANJI EN,276839.3749914002
894,Sophia_Valentine,NIJISANJI,28812.364338228872
895,Sora-Chan,Virtual Land,1069.5290393454002
896,Sorahoshi_Kirame,NIJISANJI,129466.89901158615
897,Souya_Ichika,774 inc.,166478.81700786503
898,Spinel_Clanweiss,Independent,6925.404354335691
899,Splendiferachie,Independent,3169.769875244766
900,Starla_Adiratna,AOI ID,69.55373875367562
901,Starry_Dolly,Pymiiya,3516.6358381703685
902,Stellaa,Muse Indonesia,61.06102175852711
903,Suimitsu_Momo,Axel-V,6.9116265626129065
904,Sukoya_Kana,NIJISANJI,368417.54552815063
905,Sumeragi_Ai,Independent,2674.8998646124824
906,Sumeragi_Pal,WACTOR,260.73670542702
907,Sumeragi_Rose,Re:AcT,11580.25119425154
908,Sumirezaki_Rin,VOICE-ORE,10.7151331321756
909,Sun_Kenji,Independent,710.0093381114785
910,SunnySplosion,Independent,8.598090627941374
911,Suo_Sango,NIJISANJI,151787.62081201852
912,Suou_Patra,774 inc.,534783.1548950669
913,Superpretty_TAKOPERO,Pixela,196.15510632531098
914,Suzuhara_Lulu,NIJISANJI,87508.33027820285
915,Suzuka_Stella,Megalight Production,79474.85219927067
916,Suzuka_Utako,NIJISANJI,280768.76651391166
917,Suzuki_Masaru,NIJISANJI,216154.3698903409
918,Suzumi_Nemo,774 inc.,50353.833040287995
919,Suzune_Corryn,Independent,952.0934692127521
920,Suzune_Nia,PRISM Project,11985.007841772243
921,Suzutuki_Sui,Varium,31164.47860958508
922,Suzuya_Aki,NIJISANJI,212369.8119075256
923,Syusetu_Kohaku,VEE,18262.97607793196
924,Tachibana_Hinano,Virtual eSports Project,161290.8532055041
925,Tachibana_Mitsuki,Independent,11906.198047984886
926,Tada_Ace,MetanoiaLIVE,13.031621339018242
927,Tadano_Aika,Independent,207.55218347512212
928,Tadano_Rei,Independent,33211.4562215396
929,TaengKwa,IGNITE PROJECT,288.88453606411935
930,Taka_Radjiman,NIJISANJI,5.942261108926465
931,Takamiya_Rion,NIJISANJI,337211.80318380217
932,Takamori_Tsuzuru,#おつベビ,4174.982621432284
933,Takane_Lui,hololive,342241.48140057764
934,Takao_Shinji,Piece A Part,156947.62059491553
935,Tamachi_Kanna,Independent,1248.028793657685
936,Tamane_Uta,GEMS COMPANY,11367.590115058108
937,Tatsuki_Sifa,VMaison,2425.46503403882
938,Tatsunoha_Snow,VMaison,3869.3215175907976
939,Tatsunuma_Dia,VMaison,3989.359051646337
940,Tenjin_Kotone,Independent,86038.2799969958
941,Tenkai_Tsukasa,NIJISANJI,132900.5669529147
942,Tenma_Maemi,Phase-Connect,64747.61221098294
943,Tentei_Forte,Neo-Porte,16663.45414350277
944,Tetsuya_Kazune,Tsunderia,532.478174139567
945,TheCecile,Independent,6800.3537299805685
946,Tia,Independent,11025.731971015326
947,Todo_Kohaku,NIJISANJI,33836.97771073185
948,Todoroki_Kyoko,NIJISANJI,38182.945850320146
949,Todoroki_Reika,AKA Virtual,4571.028786571708
950,Tokimori_Aoi,PRISM Project,23536.080651788092
951,Tokino_Sora,hololive,389407.2419375556
952,Tokiwa_Hiyori,IRIAM,17647.093122420087
953,Tokonatsu_Aimi,Masquerade,7193.181273059532
954,Tokoyami_Towa,hololive,825085.4030036634
955,Tokusari_Kukuri,Snooze Button Project,37566.63493413756
956,Tomari,Independent,5627.4155995593865
957,Tomari_Mari,upd8,243854.04250429638
958,Toru_Kuma,Independent,310.2818932204037
959,Tosaki_Mimi,Virtual eSports Project,110017.89933453848
960,Totoki_Saki,Chamomile Tea Party!,10610.723987816871
961,Touri_Sei,774 inc.,83166.35833261954
962,Towa_Kiseki,Pictoria,4393.265988648254
963,Trinity_Infinity,Independent,10.424812473000038
964,Tsubame_Kou,PRISM Project,259.3900380785405
965,Tsuji_Motoko,Independent,71.15114650649572
966,Tsukinami_Nato,Independent,7089.697553024324
967,Tsukino_Diana,Independent,1177.5100528353373
968,Tsukino_Mito,NIJISANJI,455230.2605097239
969,Tsukinoki_Tirol,774 inc.,65871.95459055636
970,Tsukito_Hana,WACTOR,51.214906337748175
971,Tsukiyo_Sora,ENTUM,3067.2906599019416
972,Tsukiyoi_Avi,Varium,27217.457687859667
973,Tsukumo_Sana,hololive English,144740.3239362471
974,Tsukushi_Aria,Re:AcT,63011.26294157965
975,Tsunomaki_Watame,hololive,1191921.5437616035
976,Tsurugi_Nen,Tsunderia,1729.0713442540416
977,Tsuyu_Hortenshia,Yume Reality,572.387820583136
978,Tukky,Independent,60563.87357006237
979,Tulsi-Nightmare_Madness_IV,VEE,13084.11565751438
980,Uehasu,Independent,14549.404345527419
981,Ui_Ren,Eilene Academy,17646.284990637978
982,Uki_Violeta,NIJISANJI EN,180470.5791357997
983,Ume_Maia,Independent,392.32775707780377
984,Umise_Yotsuha,NIJISANJI,79551.66266624266
985,Umitsuki_Shell,Independent,20760.614333354584
986,Umituki_Yuru,Propro Production,33828.86405820972
987,Uriyone,VEE,2073.0576800996787
988,Urokomi_Sui,Neo-Porte,10800.889357746695
989,Usada_Pekora,hololive,1867369.0132856052
990,Usagi_Kira,Independent,2244.573614782365
991,Ushimi_Ichigo,NIJISANJI,120640.81630482532
992,Ushio_Ebi,Independent,54737.28490295322
993,Ushio_Sumi,PRISM Project,2370.2421386498754
994,Usuwa_Suu,Re:AcT,42165.800904457625
995,Utai_Makea,upd8,123113.96487943354
996,Utano_Pandora,Aetheria,468.7423768160689
997,Utatane_Nasa,Phase-Connect,3780.371960506386
998,Uten_Hiyori,Independent,36810.55491319151
999,Utsugi_Uyu,HOLOSTARS,33344.1340891652
1000,Uzuki_Kou,NIJISANJI,171783.00714753495
1001,Uzuki_Tomoya,Tsunderia,1279.025018892831
1002,Varin_Rattanavisut,Independent,9.842142257854299
1003,Varin_Rattanavisut,Xekin Project (formerly),9.842142257854299
1004,Velary_Lusticia,AKA Virtual,155.50631200173723
1005,Ver_Vermillion,NIJISANJI EN,44207.72644565458
1006,Vestia_Zeta,hololive Indonesia,108529.54523474669
1007,Vihaan,NIJISANJI,391.6391623156017
1008,Virgil,KoMETA,4346.799884303915
1009,Virion_Kisei,MyHolo TV,1103.242035571871
1010,Vivian_Voss,lucid Multimedia,93.23202560547989
1011,Vox_Akuma,NIJISANJI EN,1267037.3579071958
1012,Vulo,Independent,224.3893006769189
1013,Vyolfers,Independent,266.22887924756117
1014,Wanissa,VTory,213.2994301290634
1015,Warabeda_Meiji,NIJISANJI,1986.800954844464
1016,Wataame_Yume,MUSUBIME,5960.213698115935
1017,Watarai_Hibari,NIJISANJI,197119.65568304574
1018,Watson_Amelia,hololive English,645455.9153024377
1019,Wazaki_Ako,Independent,27418.379749915366
1020,Whispaw_ASMR,Independent,422.473192744695
1021,Woozie_Wannai,MyHolo TV,1398.2930586581742
1022,Xeapher,Independent,172.8743693242142
1023,Xia_Ekavira,NIJISANJI,2357.6200783131
1024,Xin_Asura,Project F,87.07227809244996
1025,Xiulan_Long,Amber Glow,670.6909066843036
1026,YFU_BABY,Nani Talent,133.4434784568037
1027,Yaezawa_Natori,.live,165049.4450434215
1028,Yaguruma_Rine,NIJISANJI,51471.13398425669
1029,Yakumo_Beni,VSPO!,127554.2316919207
1030,Yamagami_Karuta,NIJISANJI,147239.7052866438
1031,Yamato_Iori,.live,141094.34391714763
1032,Yamikumo_Kerin,BANs,96.27288032715111
1033,Yamikumo_Kerin,upd8,96.27288032715111
1034,Yang_Nari,NIJISANJI,105638.46865173458
1035,Yashiro_Kizuku,NIJISANJI,386730.0288923178
1036,YasyfiKun,Independent,52.27764750649124
1037,Yatogami_Fuma,HOLOSTARS,53672.255851357826
1038,Yomeguri_Hana,Independent,37710.282555763995
1039,Yomi_Gardenia,Independent,1128.7840596793726
1040,Yorozuya_Nico,まふまふの何でも屋さん,8191.597748308446
1041,Yorumi_Rena,NIJISANJI,325774.12484942924
1042,Yozakura_Tama,.live,44380.117121270145
1043,Yozora_Mel,hololive,188110.8622002077
1044,Yozuna_Niu,Neo-Porte,17452.360192608943
1045,YuNi,Toy's Factory,3046.9307512626065
1046,Yuhi_Riri,NIJISANJI,160600.89268663918
1047,Yuiga_Kohaku,Sugar Stella,284.03794922441824
1048,Yuki_%26_Yuna_Astrea_(Duo_Leveling),HoshiLive,1477.0510948851643
1049,Yuki_Chihiro,NIJISANJI,933378.5809764275
1050,Yuki_Eka,Independent,24.733020944699035
1051,Yuki_Yanagi,Independent,23723.68906860689
1052,Yukihana_Lamy,hololive,1385624.4712191294
1053,Yukina_Shirokuma,Independent,31.559224694414283
1054,Yukishiro_Mahiro,NIJISANJI,110418.35559322732
1055,Yukitsune_Mifuyu,Independent,28.422921709053334
1056,Yuko_Yurei,idol Corp,21983.396550104557
1057,Yukoku_Roberu,HOLOSTARS,289558.0508454963
1058,Yumekawa_Kanau,Re:AcT,55366.26833532921
1059,Yumemi_Ututu,Independent,8463.008541851168
1060,Yumemi_Yumeiro,Independent,1246.3084372846956
1061,Yumeno_Tsukimi,ENTUM,2688.5170224827843
1062,Yumeoi_Kakeru,NIJISANJI,364797.1894171944
1063,Yumesaki_Mia,Propro Production,41120.04754562325
1064,Yumie_Tsuchinoko,Independent,271.89171851046854
1065,Yunohara_Izumi,774 inc.,150241.11618533707
1066,Yurikago_Kokone,V&U,7719.909814396634
1067,Yurikawa_Yun,VEE,1352.9840182036921
1068,Yuuka_Bear,Independent,23823.302702547182
1069,Yuzuki_Roa,NIJISANJI,319195.2989616657
1070,Ywuria,OTAHOO Project,79.85241327860926
1071,ZEA_Cornelia,NIJISANJI,18.439662573529823
1072,Zen_Gunawan,MAHA5,2032.8901967236052
1073,Zentreya,VShojo,1280.0568964504625
1074,Zhazha,Independent,17.93567762761101
1075,ZonBko,Independent,100833.05811577037
1076,Zona,Polygon Project,358.5600567886292
